age_band,population_obs,population_pred,abs_error,relative_error_pct
65-69,3137193,1517386,-1619807,-51.63236689613932
70-74,2735296,1857980,-877316,-32.07389620721121
75-79,2588675,1931809,-656866,-25.37460283735888
80-84,1640827,1455773,-185054,-11.27809330295028
85-89,1007996,1295463,287467,28.518664756606178
