age_band,population_obs,population_pred,abs_error,relative_error_pct
65-69,3137193,1517406,-1619787,-51.6317293835604
70-74,2735296,1857923,-877373,-32.07598007674489
75-79,2588675,1932199,-656476,-25.359537214984503
80-84,1640827,1455974,-184853,-11.265843382635707
85-89,1007996,1295097,287101,28.48235508871067
