age_band,ons_proportion,model_proportion,abs_error,rel_error_pct
65-69,0.121049,0.288602,0.167553,138.417412
70-74,0.104621,0.206900,0.102279,97.761066
75-79,0.227592,0.204427,-0.023164,-10.177962
80-84,0.157076,0.165103,0.008027,5.110324
