age_band,ons_proportion,model_proportion,abs_error,rel_error_pct
65-69,0.125065,0.346022,0.220958,176.674732
70-74,0.103273,0.231119,0.127846,123.794583
75-79,0.1882,0.16049,-0.027709,-14.723377
80-84,0.177003,0.152065,-0.024938,-14.088872
