age_band,ons_proportion,model_proportion,abs_error,rel_error_pct
65-69,0.098598,0.276935,0.178338,180.874433
70-74,0.100510,0.258971,0.158461,157.656614
75-79,0.200382,0.233732,0.033350,16.642943
80-84,0.152996,0.143923,-0.009073,-5.930322
