age_band,ons_proportion,model_proportion,abs_error,rel_error_pct
65-69,0.112260,0.304967,0.192706,171.659941
70-74,0.105415,0.284783,0.179368,170.153435
75-79,0.185427,0.183872,-0.001556,-0.839020
80-84,0.146030,0.121127,-0.024903,-17.053133
